K,Recall,Precision,NDCG,MAP,MRR,HitRate
5,0.04759531522551707,0.009519063045103415,0.03141381097911339,0.02599053077498131,0.02599053077498131,0.04759531522551707
10,0.07052080737602791,0.007052080737602792,0.038712862906119236,0.028936907431799032,0.028936907431799032,0.07052080737602791
20,0.09593820084724645,0.004796910042362323,0.04512025895836812,0.030685698291444016,0.030685698291444016,0.09593820084724645
